date,symbol,close,source,status
2026-09-09,BRLUSD=X,0.195921,yfinance,ok
2026-09-09,CHFUSD=X,1.236033,yfinance,ok
2026-09-09,EURUSD=X,1.163873,yfinance,ok
2026-09-09,EYDAP.AT,,yfinance-no-close-on-2026-09-09,missing
2026-09-09,GBPUSD=X,1.355142,yfinance,ok
2026-09-09,IWDA.L,146.559998,yfinance,ok
2026-09-09,LIGT3.SA,3.64,yfinance,ok
2026-09-09,SAPR11.SA,35.080002,yfinance,ok
2026-09-10,BRLUSD=X,0.195856,yfinance,ok
2026-09-10,CHFUSD=X,1.230254,yfinance,ok
2026-09-10,EURUSD=X,1.161305,yfinance,ok
2026-09-10,EYDAP.AT,,yfinance-no-close-on-2026-09-10,missing
2026-09-10,GBPUSD=X,1.351151,yfinance,ok
2026-09-10,IWDA.L,145.830002,yfinance,ok
2026-09-10,LIGT3.SA,3.75,yfinance,ok
2026-09-10,SAPR11.SA,35.810001,yfinance,ok
2026-09-11,BRLUSD=X,0.195111,yfinance,ok
2026-09-11,CHFUSD=X,1.22534,yfinance,ok
2026-09-11,EURUSD=X,1.160227,yfinance,ok
2026-09-11,EYDAP.AT,,yfinance-no-close-on-2026-09-11,missing
2026-09-11,GBPUSD=X,1.352887,yfinance,ok
2026-09-11,IWDA.L,146.960007,yfinance,ok
2026-09-11,LIGT3.SA,3.77,yfinance,ok
2026-09-11,SAPR11.SA,34.560001,yfinance,ok
2026-09-14,BRLUSD=X,0.194322,yfinance,ok
2026-09-14,CHFUSD=X,1.22471,yfinance,ok
2026-09-14,EURUSD=X,1.155402,yfinance,ok
2026-09-14,EYDAP.AT,,yfinance-no-close-on-2026-09-14,missing
2026-09-14,GBPUSD=X,1.34991,yfinance,ok
2026-09-14,IWDA.L,145.960007,yfinance,ok
2026-09-14,LIGT3.SA,3.75,yfinance,ok
2026-09-14,SAPR11.SA,34.740002,yfinance,ok
2026-09-15,BRLUSD=X,0.194047,yfinance,ok
2026-09-15,CHFUSD=X,1.222046,yfinance,ok
2026-09-15,EURUSD=X,1.154068,yfinance,ok
2026-09-15,EYDAP.AT,,yfinance-no-close-on-2026-09-15,missing
2026-09-15,GBPUSD=X,1.347491,yfinance,ok
2026-09-15,IWDA.L,145.210007,yfinance,ok
2026-09-15,LIGT3.SA,3.7,yfinance,ok
2026-09-15,SAPR11.SA,34.349998,yfinance,ok
2026-09-16,BRLUSD=X,0.194194,yfinance,ok
2026-09-16,CHFUSD=X,1.212004,yfinance,ok
2026-09-16,EURUSD=X,1.146526,yfinance,ok
2026-09-16,EYDAP.AT,,yfinance-no-close-on-2026-09-16,missing
2026-09-16,GBPUSD=X,1.338097,yfinance,ok
2026-09-16,IWDA.L,145.889999,yfinance,ok
2026-09-16,LIGT3.SA,3.62,yfinance,ok
2026-09-16,SAPR11.SA,34.099998,yfinance,ok
2026-09-17,BRLUSD=X,0.195145,yfinance,ok
2026-09-17,CHFUSD=X,1.213931,yfinance,ok
2026-09-17,EURUSD=X,1.148106,yfinance,ok
2026-09-17,EYDAP.AT,,yfinance-no-close-on-2026-09-17,missing
2026-09-17,GBPUSD=X,1.335863,yfinance,ok
2026-09-17,IWDA.L,146.220001,yfinance,ok
2026-09-17,LIGT3.SA,3.55,yfinance,ok
2026-09-17,SAPR11.SA,34.110001,yfinance,ok
2026-09-18,BRLUSD=X,0.194424,yfinance,ok
2026-09-18,CHFUSD=X,1.216826,yfinance,ok
2026-09-18,EURUSD=X,1.148897,yfinance,ok
2026-09-18,EYDAP.AT,,yfinance-no-close-on-2026-09-18,missing
2026-09-18,GBPUSD=X,1.339351,yfinance,ok
2026-09-18,IWDA.L,145.690002,yfinance,ok
2026-09-18,LIGT3.SA,3.62,yfinance,ok
2026-09-18,SAPR11.SA,34.509998,yfinance,ok
2026-09-21,BRLUSD=X,0.195595,yfinance,ok
2026-09-21,CHFUSD=X,1.218621,yfinance,ok
2026-09-21,EURUSD=X,1.146657,yfinance,ok
2026-09-21,EYDAP.AT,,yfinance-no-close-on-2026-09-21,missing
2026-09-21,GBPUSD=X,1.337041,yfinance,ok
2026-09-21,IWDA.L,147.460007,yfinance,ok
2026-09-21,LIGT3.SA,3.59,yfinance,ok
2026-09-21,SAPR11.SA,35.349998,yfinance,ok
2026-09-22,BRLUSD=X,0.19604,yfinance,ok
2026-09-22,CHFUSD=X,1.219988,yfinance,ok
2026-09-22,EURUSD=X,1.145082,yfinance,ok
2026-09-22,EYDAP.AT,,yfinance-no-close-on-2026-09-22,missing
2026-09-22,GBPUSD=X,1.334917,yfinance,ok
2026-09-22,IWDA.L,147.960007,yfinance,ok
2026-09-22,LIGT3.SA,3.6,yfinance,ok
2026-09-22,SAPR11.SA,34.810001,yfinance,ok
2026-09-23,BRLUSD=X,0.193558,yfinance,ok
2026-09-23,CHFUSD=X,1.213136,yfinance,ok
2026-09-23,EURUSD=X,1.138952,yfinance,ok
2026-09-23,EYDAP.AT,,yfinance-no-close-on-2026-09-23,missing
2026-09-23,GBPUSD=X,1.324661,yfinance,ok
2026-09-23,IWDA.L,147.009995,yfinance,ok
2026-09-23,LIGT3.SA,3.5,yfinance,ok
2026-09-23,SAPR11.SA,34.040001,yfinance,ok
2026-09-24,BRLUSD=X,0.192626,yfinance,ok
2026-09-24,CHFUSD=X,1.209292,yfinance,ok
2026-09-24,EURUSD=X,1.138174,yfinance,ok
2026-09-24,EYDAP.AT,,yfinance-no-close-on-2026-09-24,missing
2026-09-24,GBPUSD=X,1.321528,yfinance,ok
2026-09-24,IWDA.L,145.899994,yfinance,ok
2026-09-24,LIGT3.SA,3.45,yfinance,ok
2026-09-24,SAPR11.SA,33.560001,yfinance,ok
2026-09-25,BRLUSD=X,0.192805,yfinance,ok
2026-09-25,CHFUSD=X,1.207292,yfinance,ok
2026-09-25,EURUSD=X,1.139212,yfinance,ok
2026-09-25,EYDAP.AT,,yfinance-no-close-on-2026-09-25,missing
2026-09-25,GBPUSD=X,1.324644,yfinance,ok
2026-09-25,IWDA.L,146.910004,yfinance,ok
2026-09-25,LIGT3.SA,3.49,yfinance,ok
2026-09-25,SAPR11.SA,33.349998,yfinance,ok
2026-09-28,BRLUSD=X,0.191435,yfinance,ok
2026-09-28,CHFUSD=X,1.202776,yfinance,ok
2026-09-28,EURUSD=X,1.137398,yfinance,ok
2026-09-28,EYDAP.AT,,yfinance-no-close-on-2026-09-28,missing
2026-09-28,GBPUSD=X,1.325574,yfinance,ok
2026-09-28,IWDA.L,146.179993,yfinance,ok
2026-09-28,LIGT3.SA,3.5,yfinance,ok
2026-09-28,SAPR11.SA,33.040001,yfinance,ok
2026-09-29,BRLUSD=X,0.192193,yfinance,ok
2026-09-29,CHFUSD=X,1.200538,yfinance,ok
2026-09-29,EURUSD=X,1.134687,yfinance,ok
2026-09-29,EYDAP.AT,,yfinance-no-close-on-2026-09-29,missing
2026-09-29,GBPUSD=X,1.322891,yfinance,ok
2026-09-29,IWDA.L,145.869995,yfinance,ok
2026-09-29,LIGT3.SA,3.65,yfinance,ok
2026-09-29,SAPR11.SA,32.939999,yfinance,ok
2026-09-30,BRLUSD=X,0.192957,yfinance,ok
2026-09-30,CHFUSD=X,1.198538,yfinance,ok
2026-09-30,EURUSD=X,1.133273,yfinance,ok
2026-09-30,EYDAP.AT,,yfinance-no-close-on-2026-09-30,missing
2026-09-30,GBPUSD=X,1.32714,yfinance,ok
2026-09-30,IWDA.L,146.679993,yfinance,ok
2026-09-30,LIGT3.SA,3.72,yfinance,ok
2026-09-30,SAPR11.SA,33.009998,yfinance,ok
2026-10-01,BRLUSD=X,0.191479,yfinance,ok
2026-10-01,CHFUSD=X,1.204021,yfinance,ok
2026-10-01,EURUSD=X,1.124733,yfinance,ok
2026-10-01,EYDAP.AT,,yfinance-no-close-on-2026-10-01,missing
2026-10-01,GBPUSD=X,1.319906,yfinance,ok
2026-10-01,IWDA.L,144.660004,yfinance,ok
2026-10-01,LIGT3.SA,3.67,yfinance,ok
2026-10-01,SAPR11.SA,33.59,yfinance,ok
2026-10-02,BRLUSD=X,0.191674,yfinance,ok
2026-10-02,CHFUSD=X,1.20703,yfinance,ok
2026-10-02,EURUSD=X,1.125746,yfinance,ok
2026-10-02,EYDAP.AT,,yfinance-no-close-on-2026-10-02,missing
2026-10-02,GBPUSD=X,1.324047,yfinance,ok
2026-10-02,IWDA.L,146.479996,yfinance,ok
2026-10-02,LIGT3.SA,3.77,yfinance,ok
2026-10-02,SAPR11.SA,35.209999,yfinance,ok
2026-10-05,BRLUSD=X,0.200212,yfinance,ok
2026-10-05,CHFUSD=X,1.203949,yfinance,ok
2026-10-05,EURUSD=X,1.122586,yfinance,ok
2026-10-05,EYDAP.AT,,yfinance-no-close-on-2026-10-05,missing
2026-10-05,GBPUSD=X,1.321825,yfinance,ok
2026-10-05,IWDA.L,147.070007,yfinance,ok
2026-10-05,LIGT3.SA,3.96,yfinance,ok
2026-10-05,SAPR11.SA,37.810001,yfinance,ok
2026-10-06,BRLUSD=X,0.200662,yfinance,ok
2026-10-06,CHFUSD=X,1.203138,yfinance,ok
2026-10-06,EURUSD=X,1.126126,yfinance,ok
2026-10-06,EYDAP.AT,,yfinance-no-close-on-2026-10-06,missing
2026-10-06,GBPUSD=X,1.327492,yfinance,ok
2026-10-06,IWDA.L,148.589996,yfinance,ok
2026-10-06,LIGT3.SA,3.91,yfinance,ok
2026-10-06,SAPR11.SA,38.52,yfinance,ok
2026-10-07,BRLUSD=X,0.199132,yfinance,ok
2026-10-07,CHFUSD=X,1.20074,yfinance,ok
2026-10-07,EURUSD=X,1.119695,yfinance,ok
2026-10-07,EYDAP.AT,,yfinance-no-close-on-2026-10-07,missing
2026-10-07,GBPUSD=X,1.32165,yfinance,ok
2026-10-07,IWDA.L,147.050003,yfinance,ok
2026-10-07,LIGT3.SA,3.94,yfinance,ok
2026-10-07,SAPR11.SA,41.970001,yfinance,ok
2026-10-08,BRLUSD=X,0.199334,yfinance,ok
2026-10-08,CHFUSD=X,1.203427,yfinance,ok
2026-10-08,EURUSD=X,1.121705,yfinance,ok
2026-10-08,EYDAP.AT,,yfinance-no-close-on-2026-10-08,missing
2026-10-08,GBPUSD=X,1.323241,yfinance,ok
2026-10-08,IWDA.L,146.669998,yfinance,ok
2026-10-08,LIGT3.SA,3.85,yfinance,ok
2026-10-08,SAPR11.SA,43.049999,yfinance,ok
